t,x,y
6.0,59.61319889161574,46.00970313561938
6.036024016010674,59.64527173785045,46.02619936676501
6.072048032021348,59.67741521528453,46.04257326095126
6.108072048032021,59.709629365063876,46.05882474691125
6.144096064042695,59.74191422007771,46.07495376767912
6.180120080053369,59.77426980493684,46.09096028062765
6.216144096064043,59.80669613595285,46.10684425750435
6.252168112074717,59.83919322111816,46.122605684465874
6.28819212808539,59.87176106008717,46.138244562110856
6.324216144096064,59.90439964415818,46.15376090551109
6.360240160106738,59.93710895625639,46.16915474424104
6.396264176117412,59.96988897091776,46.184426122405746
6.432288192128086,60.00273965427389,46.199575098667076
6.468312208138759,60.03566096403783,46.21460174626824
6.504336224149433,60.068652849490846,46.22950615305676
6.540360240160107,60.10171525147019,46.244288421505665
6.576384256170781,60.13484810235778,46.25894866873301
6.6124082721814545,60.16805132606991,46.27348702651977
6.648432288192128,60.201324838047924,46.28790364132601
6.684456304202802,60.23466854524986,46.302198674305316
6.7204803202134755,60.26808234614307,46.31637230131759
6.7565043362241495,60.30156613069783,46.33042471294009
6.792528352234823,60.33511978038199,46.34435611447677
6.8285523682454965,60.36874316815651,46.3581667259659
6.8645763842561704,60.40243615847214,46.371856782185986
6.900600400266844,60.43619860726692,46.3854265326599
6.936624416277518,60.47003036196483,46.39887624165733
6.972648432288192,60.50393126147539,46.41220618819551
7.008672448298865,60.53790113619421,46.42541666603817
7.044696464309539,60.57193980800466,46.4385079836927
7.080720480320213,60.60604709028042,46.451480464405705
7.116744496330887,60.64022278788917,46.464334446156656
7.152768512341561,60.67446669719718,46.47707028164992
7.188792528352234,60.708778606074986,46.4896883383049
7.224816544362908,60.743158293904045,46.50218899824454
7.260840560373582,60.77760553158442,46.51457265828199
7.296864576384256,60.8121200815435,46.52683972990553
7.33288859239493,60.8467016977457,46.53899063926178
7.368912608405603,60.88135012570322,46.55102582713702
7.404936624416278,60.91606510248779,46.56294574893685
7.440960640426951,60.950846356743476,46.57475087466405
7.476984656437625,60.98569360870049,46.586441688894645
7.513008672448299,61.020606570189976,46.59801869075227
7.549032688458972,61.05558494465995,46.609482393880604
7.585056704469647,61.0906284271921,46.62083332641422
7.62108072048032,61.12573670451973,46.63207203094753
7.657104736490994,61.160909455046706,46.64319906450203
7.693128752501668,61.19614634886735,46.654214998491696
7.729152768512341,61.23144704778749,46.665120418686676
7.765176784523016,61.26681120534641,46.67591592517518
7.801200800533689,61.3022384668399,46.686602132323586
7.837224816544363,61.33772846934432,46.69717966873479
7.873248832555037,61.37328084174162,46.707649177204786
7.909272848565711,61.40889520474549,46.71801131467745
7.945296864576385,61.44457117092847,46.728266752197584
7.981320880587058,61.480308344750036,46.73841617486219
8.01734489659773,61.516106322585806,46.74846028176998
8.053368912608406,61.55196469275771,46.758399785969075
8.089392928619079,61.587883035565135,46.76823541440304
8.125416944629754,61.62386092331718,46.777967907855064
8.161440960640427,61.659897920365836,46.787598020890435
8.197464976651101,61.69599358314024,46.79712652179729
8.233488992661774,61.7321474601819,46.806554192525525
8.269513008672448,61.76835909218092,46.81588182862406
8.305537024683122,61.80462801201332,46.82511023917627
8.341561040693795,61.840953744779185,46.834240246733806
8.377585056704469,61.87733580784204,46.84327268724852
8.413609072715143,61.913773710868995,46.85220841000278
8.449633088725816,61.950266955872074,46.86104827753802
8.485657104736491,61.98681503725041,46.86979316558156
8.521681120747164,62.023417441833516,46.87844396297176
8.55770513675784,62.06007364892548,46.88700157158137
8.593729152768512,62.09678313035017,46.895466906239285
8.629753168779185,62.133545350497435,46.903840894650486
8.66577718478986,62.17035976637027,46.91212447731443
8.701801200800533,62.20722582763294,46.920318607441594
8.737825216811206,62.244142976660115,46.92842425086846
8.773849232821881,62.2811106485869,46.93644238597075
8.809873248832556,62.318128271359946,46.94437400357506
8.845897264843229,62.355195265789376,46.95222010686874
8.881921280853902,62.39231104560179,46.95998171130824
8.917945296864577,62.42947501749414,46.96765984452568
8.95396931287525,62.46668658118862,46.975255546233875
8.989993328885923,62.503945129488415,46.98276986812969
9.026017344896598,62.54125004833447,46.99020387379577
9.062041360907271,62.578600716863136,46.997558638600694
9.098065376917944,62.61599650746477,47.004835249597406
9.134089392928619,62.65343678584326,47.01203480542023
9.170113408939294,62.69092091107645,47.01915841618008
9.206137424949967,62.72844823567748,47.02620720335834
9.24216144096064,62.76601810565708,47.033182299698886
9.278185456971315,62.803629860586696,47.04008484909878
9.314209472981988,62.841282833662554,47.04691600649729
9.35023348899266,62.87897635177061,47.05367693776341
9.386257505003336,62.9167097355524,47.060368819581825
9.422281521014009,62.95448229947172,47.06699283933733
9.458305537024682,62.99229335188224,47.073550194997836
9.494329553035357,63.03014219509596,47.080042094995704
9.530353569046031,63.06802812545253,47.086469758107796
9.566377585056705,63.10595043338937,47.09283441333384
9.602401601067378,63.143908403512775,47.09913729977344
9.638425617078052,63.18190131466972,47.10537966650164
9.674449633088726,63.219928440020595,47.11156277244297
9.710473649099399,63.25798904711268,47.11768788624412
9.746497665110073,63.29608239795456,47.123756286145124
9.782521681120746,63.334207749091235,47.12976925984919
9.818545697131421,63.37236435168015,47.13572810439112
9.854569713142094,63.4105514515679,47.141634126004334
9.89059372915277,63.44876828936784,47.14748863998651
9.926617745163442,63.48701410053845,47.15329297056388
9.962641761174115,63.52528811546243,47.159048450754156
9.99866577718479,63.563589559526605,47.164756422228145
10.034689793195463,63.60191765320263,47.170418235170075
10.070713809206136,63.64027161212834,47.1760352481365
10.106737825216811,63.67865064718998,47.18160882791403
10.142761841227486,63.71705396460511,47.187140349375746
10.178785857238157,63.75548076600615,47.192631195336276
10.214809873248832,63.793930248524866,47.19808275640577
10.250833889259507,63.83240160487736,47.20349643084247
10.28685790527018,63.87089402344985,47.208873624404205
10.322881921280853,63.9094066883852,47.21421575019854
10.358905937291528,63.94793877967001,47.21952422853189
10.394929953302201,63.98648947322252,47.224800486757296
10.430953969312874,64.02505794098107,47.23004595912117
10.466977985323549,64.06364335099335,47.2352620866088
10.503002001334224,64.10224486750613,47.240450316788795
10.539026017344895,64.14086165105577,47.24561210365637
10.57505003335557,64.1794928585594,47.250748907475575
10.611074049366245,64.2181376434065,47.25586219462038
10.647098065376918,64.25679515555137,47.260953437414734
10.683122081387591,64.29546454160604,47.26602411397162
10.719146097398266,64.33414494493377,47.271075708030985
10.755170113408939,64.37283550574323,47.2761097087967
10.791194129419612,64.41153536118321,47.28112761077255
10.827218145430287,64.45024364543788,47.286130913597205
10.863242161440962,64.48895948982259,47.29112112187821
10.899266177451633,64.5276820228803,47.29609974502512
10.935290193462308,64.56641037047844,47.30106829708158
10.971314209472983,64.60514365590639,47.30602829655659
11.007338225483656,64.64388099997342,47.31098126625484
11.043362241494329,64.68262152110712,47.315928733106205
11.079386257505003,64.72136433545239,47.32087222799429
11.115410273515677,64.76010855697083,47.32581328558426
11.15143428952635,64.79885329754073,47.330753444149785
11.187458305537024,64.83759766705734,47.33569424539916
11.2234823215477,64.87634077353373,47.34063723430072
11.25950633755837,64.9150817232021,47.34558395890743
11.295530353569045,64.95381962061543,47.350535970180744
11.33155436957972,64.99255356874957,47.355494821813735
11.367578385590393,65.03128266910576,47.36046207005357
11.403602401601066,65.07000602181363,47.36543927352322
11.439626417611741,65.10872272573435,47.37042799304257
11.475650433622414,65.14743187856443,47.375429791448816
11.511674449633087,65.18613257693971,47.38044623341632
11.547698465643762,65.2248239165397,47.3854788852758
11.583722481654437,65.26350499219238,47.390529314832925
11.61974649766511,65.30217489797916,47.39559909118639
11.655770513675783,65.34083272734034,47.4006897845454
11.691794529686458,65.37947757318071,47.405802966046636
11.727818545697131,65.41810852797553,47.410940207570796
11.763842561707804,65.45672468387679,47.41610308155849
11.799866577718479,65.49532513281966,47.4212931608258
11.835890593729152,65.53390896662934,47.42651201837938
11.871914609739825,65.572475277128,47.43176122723107
11.9079386257505,65.61102315624204,47.43704236021222
11.943962641761175,65.64955169610957,47.44235698978745
11.979986657771848,65.68805998918805,47.44770668786828
12.016010673782521,65.72654712836214,47.45309302562624
12.052034689793196,65.76501220705184,47.458517573305734
12.088058705803869,65.80345431932054,47.46398190003665
12.124082721814542,65.84187255998356,47.46948757364657
12.160106737825217,65.88026602471658,47.47503616047289
12.19613075383589,65.91863381016431,47.48062922517456
12.232154769846563,65.95697501404926,47.48626833054373
12.268178785857238,65.99528873528065,47.49195503731714
12.304202801867913,66.03357407406335,47.49769090398736
12.340226817878586,66.07183013200697,47.503477486613896
12.376250833889259,66.11005601223496,47.50931633863418
12.412274849899934,66.14825081949385,47.51520901067444
12.448298865910607,66.1864136602624,47.5211570503605
12.48432288192128,66.22454364286095,47.52716200212855
12.520346897931955,66.26263987756064,47.53322540703582
12.556370913942628,66.30070147669277,47.53934880257134
12.5923949299533,66.33872755475798,47.54553372246663
12.628418945963976,66.37671722853561,47.551781696506424
12.66444296197465,66.41466961719286,47.55809425033953
12.700466977985323,66.45258384239405,47.56447290528967
12.736490993995996,66.49045902840965,47.5709191781665
12.772515010006671,66.5282943022254,47.57743458107672
12.808539026017344,66.5660887936513,47.58402062123531
12.844563042028017,66.6038416354304,47.59067880077699
12.880587058038692,66.64155196334764,47.59741061656779
12.916611074049365,66.67921891633841,47.604217560016956
12.952635090060038,66.71684163659714,47.61110111688897
12.988659106070713,66.7544192696856,47.61806276711589
13.024683122081388,66.79195096464106,47.625103984609964
13.060707138092061,66.82943587408437,47.63222623707658
13.096731154102734,66.86687315432769,47.63943098582749
13.132755170113409,66.90426196548223,47.64671968559438
13.168779186124082,66.94160147156553,47.654093784342905
13.204803202134755,66.97889084060871,47.66155472308701
13.24082721814543,67.01612924476338,47.66910393570373
13.276851234156105,67.05331586040829,47.67674284874847
13.312875250166776,67.0904498682558,47.68447288127059
13.348899266177451,67.12753045345798,47.6922954446297
13.384923282188126,67.16455680571237,47.7002119423123
13.420947298198799,67.20152811936761,47.708223769749
13.456971314209472,67.2384435935286,47.71633231413234
13.492995330220147,67.27530243216137,47.72453895423511
13.52901934623082,67.31210384419758,47.732845060229344
13.565043362241493,67.34884704363874,47.74125199350587
13.601067378252168,67.38553124965992,47.749761106494596
13.637091394262843,67.42215568671323,47.75837374248537
13.673115410273514,67.45871958463074,47.76709123544956
13.709139426284189,67.49522217872718,47.775914909862436
13.745163442294864,67.531662709902,47.78484608052611
13.781187458305537,67.56804042474113,47.79388605239345
13.81721147431621,67.60435457561829,47.80303612039257
13.853235490326885,67.64060442079575,47.812297569252294
13.889259506337558,67.67678922452473,47.82167167332833
13.92528352234823,67.71290825714516,47.83115969643035
13.961307538358906,67.74896079518506,47.84076289164992
13.99733155436958,67.78494612145937,47.85048250118937
14.033355570380253,67.82086352516828,47.86031975619145
14.069379586390927,67.85671230199489,47.870275876570126
14.105403602401601,67.89249175420251,47.88035207084214
14.141427618412274,67.9282011907312,47.890549535959686
14.177451634422948,67.96383992729395,47.90086945714399
14.213475650433622,67.99940728647196,47.91131300772
14.249499666444295,68.03490259780972,47.921881348952084
14.28552368245497,68.07032519790907,47.9325756298808
14.321547698465643,68.10567443052288,47.94339698716075
14.357571714476316,68.14094964664802,47.95434654489953
14.393595730486991,68.17615020461771,47.96542541449788
14.429619746497664,68.21127547019306,47.9766346944909
14.46564376250834,68.24632481665418,47.98797547039054
14.501667778519012,68.28129762489034,47.99944881452916
14.537691794529685,68.31619328348961,48.01105578590445
14.57371581054036,68.35101118882773,48.022797430025484
14.609739826551033,68.38575074515616,48.03467477876004
14.645763842561708,68.42041136468958,48.04668885018333
14.681787858572381,68.45499246769249,48.05884064842781
14.717811874583054,68.48949348256504,48.07113116353451
14.753835890593729,68.52391384592818,48.0835613713056
14.789859906604402,68.55825300270801,48.09613223315837
14.825883922615077,68.59251040621925,48.10884469598056
14.86190793862575,68.62668551824792,48.121699691987075
14.897931954636423,68.66077780913332,48.13469813857819
14.933955970647098,68.69478675784903,48.14784093819914
14.969979986657771,68.7287118520831,48.16112897820121
15.006004002668446,68.76255258831742,48.174563130704264
15.042028018679119,68.79630847190629,48.188144252460795
15.078052034689792,68.82997901715386,48.20187318472152
15.114076050700467,68.86356374739104,48.215750753102505
15.15010006671114,68.89706219505118,48.2297777674538
15.186124082721815,68.93047390174503,48.2439550217297
15.222148098732488,68.96379841833478,48.25828329386062
15.25817211474316,68.997035305007,48.27276334562653
15.294196130753836,69.03018413134491,48.28739592253206
15.330220146764509,69.06324447639936,48.30218175368326
15.366244162775184,69.0962159287592,48.31712155166597
15.402268178785857,69.12909808662033,48.33221601242599
15.43829219479653,69.16189055785414,48.34746581515082
15.474316210807205,69.19459296007452,48.36287162215328
15.510340226817878,69.22720492070431,48.3784340787567
15.546364242828552,69.25972607704038,48.39415381318199
15.582388258839226,69.2921560763179,48.410031436436455
15.618412274849899,69.32449457577341,48.42606754220438
15.654436290860573,69.35674124270712,48.442262706739456
15.690460306871246,69.38889575454375,48.45861748875899
15.726484322881921,69.4209577988927,48.47513242933998
15.762508338892594,69.4529270736069,48.49180805181708
15.798532354903267,69.48480328684067,48.5086448616824
15.834556370913942,69.51658615710647,48.525643346487165
15.870580386924615,69.54827541333056,48.542803975745386
15.90660440293529,69.57987079490755,48.56012720083933
15.942628418945963,69.61137205175383,48.57761345492701
15.978652434956636,69.64277894435983,48.59526315285159
16.01467645096731,69.67409124384125,48.61307669105279
16.050700466977986,69.70530873198898,48.63105444748021
16.086724482988657,69.7364312013181,48.649196781508714
16.122748498999332,69.76745845511547,48.66750403385582
16.158772515010007,69.79839030748636,48.685976526501044
16.19479653102068,69.82922658339967,48.70461456260737
16.230820547031353,69.85996711873231,48.72341842644472
16.266844563042028,69.89061176031203,48.74238838331551
16.3028685790527,69.9211603659592,48.76152467948227
16.338892595063374,69.9516128045275,48.780827542097406
16.37491661107405,69.9819689559432,48.80029717913495
16.41094062708472,70.01222871124328,48.81993377932455
16.4469646430954,70.04239197261239,48.839737512087574
16.48298865910607,70.07245865341852,48.85970852747523
16.51901267511674,70.10242867824739,48.87984695610903
16.55503669112742,70.13230198293564,48.90015290912327
16.59106070713809,70.1620785146028,48.92062647810976
16.627084723148766,70.19175823168185,48.941267735064706
16.66310873915944,70.2213411039487,48.96207673233783
16.699132755170112,70.25082711255031,48.98305350258365
16.735156771180787,70.2802162500314,49.00419805871504
16.77118078719146,70.30950852036015,49.02551039385896
16.807204803202133,70.33870393895232,49.04699048131446
16.843228819212808,70.36780253269427,49.068638274512956
16.879252835223483,70.3968043399646,49.0904537069807
16.915276851234154,70.42570941065445,49.1124366923036
16.95130086724483,70.45451780618656,49.13458712409424
16.987324883255503,70.48322959953293,49.156904875961246
17.023348899266175,70.51184487523125,49.179389801480944
17.059372915276853,70.54036372939986,49.20204173417127
17.095396931287524,70.5687862697515,49.224860487468035
17.131420947298196,70.59711261560572,49.24784585470353
17.167444963308874,70.62534289789986,49.27099760908742
17.203468979319545,70.65347725919868,49.29431550368997
17.23949299533022,70.68151585370279,49.31779927142763
17.275517011340895,70.70945884725553,49.34144862505099
17.311541027351566,70.73730641734862,49.36526325713502
17.34756504336224,70.7650587531264,49.389242840071795
17.383589059372916,70.79271605538867,49.41338702606543
17.419613075383587,70.82027853659226,49.437695447129514
17.455637091394262,70.84774642085114,49.462167715086856
17.491661107404937,70.87511994393515,49.486803421571686
17.52768512341561,70.90239935326738,49.511602138034114
17.563709139426283,70.92958490792024,49.536563415747125
17.599733155436958,70.95667687860998,49.561686785815894
17.63575717144763,70.98367554768997,49.5869717591895
17.671781187458304,71.01058120914252,49.61241782667512
17.70780520346898,71.0373941685693,49.638024458954504
17.74382921947965,71.06411474318047,49.66379110660297
17.77985323549033,71.09074326178225,49.68971720011081
17.815877251501,71.11728006476325,49.71580214990702
17.85190126751167,71.1437255040793,49.74204534638558
17.88792528352235,71.17007994323689,49.76844615993403
17.92394929953302,71.19634375727532,49.79500394096458
17.959973315543696,71.2225173327473,49.82171801994756
17.99599733155437,71.24860106769823,49.84858770744738
18.032021347565042,71.27459537164404,49.87561229416082
18.068045363575717,71.30050066554773,49.902791050957845
18.10406937958639,71.3263173817943,49.9301232289248
18.140093395597063,71.35204596416452,49.95760805941
18.176117411607738,71.37768686780714,49.98524475407187
18.212141427618413,71.4032405592097,50.01303250492935
18.248165443629084,71.42870751616809,50.04097048441488
18.28418945963976,71.4540882277544,50.0690578454297
18.320213475650434,71.4793831942838,50.09729372140167
18.356237491661105,71.50459292727959,50.12567722634541
18.39226150767178,71.52971794943716,50.15420745492499
18.428285523682455,71.5547587945864,50.1828834825189
18.464309539693126,71.57971600765278,50.21170436528756
18.500333555703804,71.60459014461692,50.24066914024316
18.536357571714476,71.62938177247298,50.26977682532198
18.572381587725147,71.65409146918546,50.29902641945906
18.608405603735825,71.67871982364467,50.3284169026653
18.644429619746496,71.7032674356209,50.35794723610699
18.68045363575717,71.72773491571708,50.38761636218767
18.716477651767846,71.75212288532012,50.41742320463248
18.752501667778517,71.77643197655087,50.44736666857478
18.788525683789192,71.8006628322127,50.47744564064525
18.824549699799867,71.82481610573872,50.50765898906332
18.86057371581054,71.84889246113758,50.538005563731005
18.896597731821213,71.872892572938,50.56848419632905
18.932621747831888,71.8968171261318,50.5990937004155
18.96864576384256,71.92066681611571,50.62983287152657
19.004669779853234,71.94444234863175,50.660700487279904
19.04069379586391,71.96814443970626,50.691695307480146
19.07671781187458,71.99177381558759,50.72281607422686
19.112741827885255,72.01533121268251,50.75406151202476
19.14876584389593,72.03881737749114,50.785430327896236
19.1847898599066,72.06223306654073,50.81692121149627
19.22081387591728,72.08557904631796,50.848532835229555
19.25683789192795,72.10885609319998,50.88026385436993
19.292861907938622,72.13206499338412,50.912112907182156
19.3288859239493,72.15520654281636,50.94407861504591
19.364909939959972,72.17828154711833,50.976159582582014
19.400933955970647,72.20129082151323,51.008354397781
19.43695797198132,72.2242351907502,51.040661632133826
19.472981987991993,72.24711548902766,51.073079840764905
19.509006004002668,72.26993255991516,51.105607562567315
19.545030020013343,72.2926872562741,51.138243320340166
19.581054036024014,72.31538044017708,51.170985620928306
19.61707805203469,72.33801298282603,51.20383295536405
19.653102068045364,72.3605857644691,51.23678379901119
19.689126084056035,72.38309967431634,51.26983661171115
19.72515010006671,72.40555561045394,51.30298983793126
19.761174116077385,72.42795447975752,51.33624190691517
19.797198132088056,72.45029719780398,51.36959123283542
19.83322214809873,72.47258468878225,51.403036214948116
19.869246164109406,72.49481788540275,51.436575237749636
19.905270180120077,72.5169977288057,51.47020667113551
19.941294196130755,72.53912516846827,51.5039288705613
19.977318212141427,72.56120116211036,51.5377401772056
20.0133422281521,72.58322667559952,51.57163891813498
20.049366244162776,72.60520268285435,51.60562340647105
20.085390260173448,72.62713016574705,51.63969194155944
20.121414276184122,72.64901011400457,51.67384280914092
20.157438292194797,72.67084352510881,51.70807428152428
20.19346230820547,72.69263140419554,51.74238461776136
20.229486324216143,72.71437476395234,51.77677206382394
20.265510340226818,72.73607462451528,51.811234852782576
20.30153435623749,72.75773201336463,51.84577120498732
20.337558372248164,72.77934796521934,51.88037932825038
20.37358238825884,72.80092352193061,51.91505741803061
20.40960640426951,72.82245973237423,51.949803657619874
20.445630420280185,72.84395765234186,51.98461621833131
20.48165443629086,72.86541834443149,52.01949325968929
20.51767845230153,72.8868428779365,52.05443292962128
20.55370246831221,72.908232328734,52.08943336465147
20.58972648432288,72.92958777917194,52.12449269009615
20.625750500333552,72.95091031795535,52.15960902026081
20.66177451634423,72.97220104003152,52.19478045863907
20.697798532354902,72.99346104647421,52.230005098113175
20.733822548365577,73.01469144436685,52.26528102115625
20.76984656437625,73.03589334668482,52.30060630003628
20.805870580386923,73.05706787217682,52.3359789970216
20.841894596397598,73.07821614524515,52.37139716458813
20.877918612408273,73.09933929582526,52.40685884562816
20.913942628418944,73.12043845926422,52.44236207366071
20.94996664442962,73.1415147761984,52.4779048730435
20.985990660440294,73.1625693924302,52.51348525918641
21.022014676450965,73.18360345880389,52.54910123876647
21.05803869246164,73.20461813108066,52.58475080994439
21.094062708472315,73.22561456981279,52.62043196258251
21.130086724482986,73.24659394021691,52.65614267846421
21.16611074049366,73.26755741204651,52.691880931514774
21.202134756504336,73.28850615946365,52.727644688023645
21.238158772515007,73.30944136090983,52.76343190686808
21.274182788525685,73.33036419897607,52.79924053973809
21.310206804536357,73.35127586027224,52.835068531362865
21.346230820547028,73.37217753529562,52.87091381973831
21.382254836557706,73.3930704182988,52.9067743363561
21.418278852568378,73.41395570715666,52.94264800643376
21.454302868579052,73.43483460323284,52.978532749146176
21.490326884589727,73.45570831124537,53.01442647785822
21.5263509006004,73.47657803913171,53.050327100358594
21.562374916611073,73.497444997913,53.08623251909483
21.59839893262175,73.51831040155778,53.12214063140942
21.63442294863242,73.53917546684505,53.1580493297771
21.670446964643094,73.56004141322651,53.19395650204318
21.70647098065377,73.58090946268851,53.22986003166295
21.74249499666444,73.60178083961311,53.26575779794212
21.778519012675115,73.62265677063877,53.301647676278314
21.81454302868579,73.64353848452026,53.33752753840342
21.85056704469646,73.66442721198828,53.373395252627084
21.886591060707136,73.68532418560827,53.40924868408098
21.92261507671781,73.7062306396389,53.44508569496405
21.958639092728482,73.72714780988997,53.48090414478862
21.99466310873916,73.7480769335798,53.51670189062734
22.030687124749832,73.7690192491922,53.55247678736098
22.066711140760507,73.78997599633294,53.58822668792701
22.10273515677118,73.81094841558584,53.62394944356892
22.138759172781853,73.8319377483683,53.659642904086326
22.174783188792528,73.8529452367866,53.695304918085725
22.210807204803203,73.8739721234906,53.730933333232024
22.246831220813874,73.8950196515283,53.76652599650062
22.28285523682455,73.91608906419981,53.8020807544302
22.318879252835224,73.9371816049111,53.837595453376075
22.354903268845895,73.95829851702744,53.87306793976411
22.39092728485657,73.97944104372641,53.908496060345215
22.426951300867245,74.00061042785073,53.94387766245027
22.462975316877916,74.02180791176079,53.979210594245664
22.49899933288859,74.04303473718682,54.01449270498915
22.535023348899266,74.064292145081,54.04972184528622
22.57104736490994,74.08558137546909,54.08489586734683
22.607071380920612,74.10690366730215,54.12001262524252
22.643095396931287,74.12826025830778,54.155069975163855
22.67911941294196,74.14965238484137,54.190065775678114
22.715143428952633,74.17108128173712,54.22499788798742
22.751167444963308,74.19254818215892,54.25986417618691
22.787191460973983,74.21405431745112,54.294662507523306
22.823215476984654,74.23560091698916,54.329390752653524
22.85923949299533,74.25718920803018,54.36404678590356
22.895263509006003,74.27882041556346,54.398628485527404
22.93128752501668,74.30049576216089,54.433133733966145
22.96731154102735,74.32221646782733,54.46756041810704
23.003335557038024,74.34398374985102,54.50190642954273
23.0393595730487,74.36579882265393,54.536169664830354
23.07538358905937,74.38766289764217,54.570348025750704
23.111407605070045,74.40957718305637,54.60443941956733
23.14743162108072,74.4315428838222,54.638441759285485
23.18345563709139,74.45356120140084,54.67235296391105
23.219479653102066,74.4756333336397,54.70617095870924
23.25550366911274,74.49776047462305,54.73989367546316
23.291527685123416,74.51994381452292,54.773519052732134
23.327551701134087,74.54218453945008,54.80704503610981
23.363575717144762,74.56448383130515,54.840469578482
23.399599733155437,74.58684286763,54.87379064028416
23.43562374916611,74.60926282145917,54.90700618975863
23.471647765176783,74.63174486117167,54.94011420321143
23.507671781187458,74.65429015034286,54.97311266526868
23.54369579719813,74.67689984759673,55.0059995691326
23.579719813208804,74.69957510645827,55.03877291683708
23.61574382921948,74.72231707520633,55.0714307195027
23.651767845230154,74.74512689672656,55.103970997591254
23.687791861240825,74.76800570836484,55.13639178115974
23.7238158772515,74.79095464178097,55.168691110113755
23.759839893262175,74.81397482280272,55.200867034460266
23.795863909272846,74.83706737128027,55.23291761455974
23.83188792528352,74.86023340094106,55.26484092137761
23.867911941294196,74.88347401924493,55.29663503673501
23.903935957304867,74.9067903272399,55.32829805355877
23.939959973315542,74.93018341941819,55.359828076130704
23.975983989326217,74.95365438357281,55.39122322033599
24.01200800533689,74.97720430065462,55.42248161391077
24.048032021347563,75.00083424462983,55.45360139668895
24.084056037358238,75.02454528233814,55.48458072084798
24.120080053368913,75.04833847335127,55.5154177511538
24.156104069379584,75.07221486983211,55.546110665204814
24.19212808539026,75.09617551639451,55.57665765367483
24.228152101400934,75.12022144996348,55.60705692055504
24.264176117411605,75.14435369963621,55.63730668339491
24.30020013342228,75.1685732865435,55.66740517354205
24.336224149432955,75.19288122371208,55.697350636380875
24.37224816544363,75.21727851592725,55.727141331570195
24.4082721814543,75.24176615959655,55.75677553327964
24.444296197464976,75.26634514261397,55.786251530424835
24.48032021347565,75.29101644422472,55.81556762690141
24.51634422948632,75.31578103489105,55.844722141817655
24.552368245496996,75.34063987615849,55.873713409725966
24.58839226150767,75.36559392052318,55.90253978085292
24.624416277518346,75.39064411129962,55.93119962132803
24.660440293529017,75.41579138248957,55.95969131341107
24.696464309539692,75.4410366586515,55.98801325571806
24.732488325550367,75.46638085477097,56.01616386344572
24.76851234156104,75.49182487613199,56.04414156859452
24.804536357571713,75.51736961818895,56.0719448201902
24.840560373582388,75.54301596643975,56.09957208450378
24.87658438959306,75.5687647962996,56.127021845269944
24.912608405603734,75.5946169729759,56.15429260390394
24.94863242161441,75.62057335134388,56.1813828797168
24.984656437625084,75.64663477582336,56.20829121012885
25.020680453635755,75.67280208025643,56.2350161508817
25.05670446964643,75.69907608778604,56.26155627624838
25.092728485657105,75.72545761073563,56.28791017924182
25.128752501667776,75.75194745048991,56.31407647182155
25.16477651767845,75.7785463973764,56.34005378509863
25.200800533689126,75.80525523054827,56.36584076953871
25.236824549699797,75.83207471786812,56.39143609516327
25.272848565710472,75.85900561579292,56.41683845174906
25.308872581721147,75.8860486692599,56.44204654902546
25.34489659773182,75.91320461157376,56.467059116870125
25.380920613742493,75.94047416429484,56.491874905502506
25.416944629753168,75.96785803712852,56.51649268567549
25.452968645763843,75.99535692781578,56.540911248864944
25.488992661774514,76.02297152202485,56.56512940745733
25.52501667778519,76.05070249324419,56.58914599493516
25.561040693795864,76.07855050267656,56.61295986606039
25.597064709806535,76.10651619913439,56.636569897055736
25.63308872581721,76.1346002189363,56.6599749857838
25.669112741827885,76.16280318580499,56.68317405192402
25.70513675783856,76.19112571076624,56.706166037147504
25.74116077384923,76.21956839204938,56.728949905289554
25.777184789859906,76.2481318149889,56.75152464252
25.81320880587058,76.2768165519274,56.77388925751126
25.84923282188125,76.30562316211997,56.796042781604044
25.885256837891927,76.33455219163977,56.817984268970896
25.9212808539026,76.36360417328505,56.83971279677717
25.957304869913273,76.39277962648747,56.861227465339844
25.993328885923948,76.42207905722188,56.88252739828382
26.029352901934622,76.45150295791743,56.90361174269587
26.065376917945297,76.4810518073701,56.924479669276096
26.10140093395597,76.51072607065669,56.94513037248698
26.137424949966643,76.54052619905019,56.96556307069991
26.173448965977318,76.57045262993667,56.98577700633922
26.20947298198799,76.60050578673346,57.00577144602373
26.245496997998664,76.63068607880905,57.025545680705655
26.28152101400934,76.66099390140431,57.045099025806984
26.31754503002001,76.69142963555522,57.064430821353334
26.353569046030685,76.72199364801715,57.08354043210505
26.38959306204136,76.75268629119066,57.1024272476858
26.425617078052035,76.78350790304884,57.121090682708406
26.461641094062706,76.81445880706613,57.139530176898056
26.49766511007338,76.84553931214882,57.15774519521282
26.533689126084056,76.87674971256693,57.17573522796144
26.569713142094727,76.90809028788797,57.19349979091834
26.605737158105402,76.93956130291194,57.21103842543591
26.641761174116077,76.9711630076082,57.22835069855406
26.677785190126748,77.00289563705385,57.24543620310689
26.713809206137423,77.03475941137371,57.26229455782658
26.749833222148098,77.06675453568204,57.27892540744447
26.785857238158773,77.09888120002572,57.29532842278928
26.821881254169444,77.13113957932936,57.311503300882414
26.85790527018012,77.16352983334178,57.32744976503047
26.893929286190794,77.19605210658442,57.34316756491473
26.929953302201465,77.22870652830123,57.358656476677815
26.96597731821214,77.26149321241046,57.373916303007384
27.002001334222815,77.29441225745789,57.38894687321688
27.038025350233486,77.3274637465721,57.40374804332327
27.07404936624416,77.36064774742118,57.418319696121834
27.110073382254836,77.39396431217133,57.43266174125798
27.14609739826551,77.42741347744715,57.446774115295966
27.182121414276182,77.46099526429366,57.46065678178467
27.218145430286857,77.49470967814017,57.4743097313203
27.25416944629753,77.52855670876579,57.48773298160594
27.290193462308203,77.5625363302668,57.50092657750823
27.326217478318878,77.59664850102573,57.51389059111078
27.362241494329552,77.63089316368234,57.526625121764546
27.398265510340224,77.66527024510634,57.5391302961351
27.4342895263509,77.69977965637179,57.55140626824681
27.470313542361573,77.73442129273354,57.56345321952381
27.50633755837225,77.76919503360533,57.57527135882788
27.54236157438292,77.8041007425397,57.58686092249314
27.578385590393594,77.8391382672099,57.59822217435761
27.61440960640427,77.87430743939342,57.60935540579154
27.65043362241494,77.90960807495749,57.62026093572258
27.686457638425615,77.94503997384639,57.63093911065775
27.72248165443629,77.98060292007068,57.641390304702206
27.758505670446965,78.01629668169811,57.65161491957477
27.794529686457636,78.05212101084663,57.66161338462023
27.83055370246831,78.0880756436791,57.67138615681842
27.866577718478986,78.12416030039992,57.68093372079007
27.902601734489657,78.16037468525354,57.69025658879938
27.938625750500332,78.19671848652487,57.69935530075331
27.974649766511007,78.23319137654153,57.70823042419767
28.01067378252168,78.26979301167805,57.7168825543099
28.046697798532353,78.30652303236192,57.725312313888544
28.082721814543028,78.34338106308152,57.733520353339514
28.118745830553703,78.38036671239598,57.741507350658985
28.154769846564374,78.41747957294702,57.749274011413036
28.19079386257505,78.45471922147244,57.756821068714004
28.226817878585724,78.49208521882193,57.7641492831935
28.262841894596395,78.52957710997427,57.77125944297212
28.29886591060707,78.56719442405699,57.77815236362588
28.334889926617745,78.60493667436751,57.784828888149285
28.370913942628416,78.64280335839638,57.79128988691515
28.40693795863909,78.6807939578525,57.797536257631016
28.442961974649766,78.7189079386901,57.803568925292296
28.47898599066044,78.75714475113772,57.8093888421321
28.515010006671112,78.79550382972914,57.814996987567696
28.551034022681787,78.83398459333623,57.820394368143724
28.58705803869246,78.87258644520354,57.82558201747197
28.623082054703133,78.91130877298514,57.83056099616791
28.659106070713808,78.95015094878308,57.835332391783865
28.695130086724483,78.98911232918792,57.8398973187389
28.731154102735154,79.02819225532113,57.84425691824532
28.76717811874583,79.0673900528795,57.84841235823188
28.803202134756503,79.10670503218127,57.8523648332637
28.83922615076718,79.14613648821438,57.85611556445879
28.87525016677785,79.18568370068657,57.85966579940134
28.911274182788524,79.2253459340773,57.86301681205167
28.9472981987992,79.26512243769173,57.8661699026528
28.98332221480987,79.3050124457165,57.869126397633835
29.019346230820545,79.34501517727746,57.87188764950997
29.05537024683122,79.38512983649929,57.87445503677919
29.09139426284189,79.42535561256699,57.876829963815744
29.127418278852566,79.46569167978943,57.87901386076026
29.16344229486324,79.50613719766451,57.881008183406635
29.199466310873916,79.54669131094647,57.88281441308562
29.235490326884587,79.5873531497149,57.884434056545125
29.271514342895262,79.62812182944586,57.885868645827344
29.307538358905937,79.66899645108454,57.887119738142495
29.34356237491661,79.70997610112016,57.88818891573942
29.379586390927283,79.75105985166248,57.88907778577294
29.415610406937958,79.79224676052024,57.88978798016791
29.45163442294863,79.83353587128157,57.89032115548013
29.487658438959304,79.8749262133961,57.89067899275401
29.52368245496998,79.91641680225894,57.890863197377044
29.559706470980654,79.95800663929663,57.89087549893109
29.595730486991325,79.99969471205482,57.8907176510405
29.631754503002,80.04147999428773,57.89039143121701
29.667778519012675,80.08336144604952,57.889898640701574
29.703802535023346,80.12533801378756,57.889241104302954
29.73982655103402,80.16740863043722,57.88842067023324
29.775850567044696,80.2095722155188,57.88743920994026
29.811874583055367,80.251827675236,57.88629861793681
29.847898599066042,80.29417390257635,57.885000811626874
29.883922615076717,80.33660977741326,57.883547731128715
29.91994663108739,80.37913416660993,57.881941339094936
29.955970647098063,80.4217459241251,57.88018362052943
29.991994663108738,80.4644438911204,57.87827658260136
30.028018679119413,80.50722689606945,57.87622225445608
30.064042695130084,80.55009375486887,57.874022687023114
30.10006671114076,80.59304327095079,57.87167995282101
30.136090727151434,80.63607423539726,57.86919614575939
30.172114743162105,80.67918542705625,57.86657338093791
30.20813875917278,80.72237561265942,57.86381379444236
30.244162775183455,80.76564354694143,57.86091954313786
30.28018679119413,80.80898797276123,57.857892804459055
30.3162108072048,80.8524076212246,57.8547357761975
30.352234823215476,80.89590121180876,57.85145067628621
30.38825883922615,80.93946745248826,57.84803974258133
30.42428285523682,80.98310503986276,57.84450523264088
30.460306871247496,81.02681265928635,57.84084942350091
30.49633088725817,81.07058898499841,57.837074611448685
30.532354903268843,81.11443268025612,57.8331831117932
30.568378919279517,81.15834239746859,57.82917725863287
30.604402935290192,81.20231677833249,57.82505940462064
30.640426951300867,81.24635445396933,57.820831920726235
30.67645096731154,81.29045404506412,57.816497195995844
30.712474983322213,81.33461416200582,57.81205763730908
30.748498999332888,81.37883340502901,57.80751566913337
30.78452301534356,81.42311036435731,57.8028737332757
30.820547031354234,81.4674436203482,57.79813428863176
30.85657104736491,81.51183174363926,57.79329981093255
30.892595063375584,81.55627329529598,57.7883727924885
30.928619079386255,81.60076682696094,57.78335574193095
30.96464309539693,81.64531088100449,57.77825118395128
31.000667111407605,81.6899039906768,57.773061659037495
31.036691127418276,81.73454468026132,57.767789723208395
31.07271514342895,81.77923146522971,57.76243794774536
31.108739159439626,81.82396285239798,57.75700891892171
31.144763175450297,81.86873734008415,57.751505237729745
31.180787191460972,81.91355341826724,57.745929519605426
31.216811207471647,81.95840956874746,57.7402843941508
31.25283522348232,82.0033042653078,57.734572504854086
31.288859239492993,82.04823597387701,57.72879650880758
31.324883255503668,82.09320315269366,57.722959076423315
31.360907271514343,82.13820425247162,57.71706289114652
31.396931287525014,82.18323771656672,57.71111064916692
31.43295530353569,82.22830198114465,57.70510505912796
31.468979319546364,82.27339547535007,57.69904884183384
31.505003335557035,82.31851662147696,57.69294472995458
31.54102735156771,82.36366383514003,57.68679546772894
31.577051367578385,82.40883552544747,57.680603810665424
31.61307538358906,82.45403009517463,57.67437252524124
31.64909939959973,82.49924594093902,57.66810438859938
31.685123415610406,82.5444814533763,57.661802188243705
31.72114743162108,82.58973501731737,57.65546872173219
31.75717144763175,82.63500501196656,57.649106796368365
31.793195463642427,82.68028981108085,57.642719228890805
31.8292194796531,82.72558778315017,57.636308845160976
31.865243495663773,82.77089729157858,57.62987847984928
31.901267511674448,82.81621669486658,57.62343097611931
31.937291527685122,82.86154434679439,57.61696918531052
31.973315543695797,82.90687859660605,57.61049596661921
32.00933955970647,82.9522177891946,57.60401418677784
32.04536357571715,82.99756026528813,57.59752671973286
32.08138759172782,83.04290436163662,57.59103644632087
32.11741160773849,83.08824841119986,57.584546253943394
32.15343562374916,83.13359074333606,57.57805903624008
32.18945963975984,83.17892968399131,57.57157769276046
32.22548365577051,83.22426355588996,57.565105128634414
32.26150767178119,83.26959067872565,57.558644254241074
32.29753168779186,83.31490936935317,57.552197984876585
32.33355570380253,83.36021794198122,57.54576924042043
32.3695797198132,83.40551470836556,57.53936094500051
32.40560373582388,83.45079797800321,57.53297602665711
32.44162775183456,83.49606605832713,57.526617417005525
32.47765176784523,83.54131725490166,57.52028805089763
32.5136757838559,83.58654987161853,57.51399086608229
32.54969979986657,83.63176221089361,57.5077288028647
32.585723815877245,83.67695257386411,57.50150480376473
32.62174783188792,83.72211926058647,57.495321813174236
32.6577718478986,83.76726057023475,57.48918277701337
32.69379586390927,83.81237480129957,57.48309064238599
32.729819879919944,83.8574602517876,57.47704835723429
32.765843895930615,83.90251521942145,57.47105886999238
32.801867911941294,83.94753800184013,57.46512512923926
32.837891927951965,83.99252689679982,57.45925008335087
32.87391594396264,84.03748020237525,57.4534366801515
32.909939959973315,84.08239621716126,57.44768786656451
32.945963975983986,84.12727324047495,57.44200658826232
32.98198799199466,84.17210957255799,57.43639578931595
33.018012008005336,84.2169035147794,57.43085841184378
33.054036024016014,84.26165336983854,57.425397395659935
33.090060040026685,84.30635744196844,57.42001567792215
33.12608405603736,84.35101403713941,57.41471619277919
33.16210807204803,84.39562146326276,57.40950187101776
33.1981320880587,84.4401780303949,57.404375639709215
33.23415610406938,84.48468205094156,57.399340421855854
33.270180120080056,84.52913183986202,57.3943991360369
33.30620413609073,84.5735257148738,57.38955469605431
33.3422281521014,84.61786199665717,57.38481001057832
33.37825216811207,84.66213900905994,57.38016798279287
33.41427618412275,84.70635507930221,57.37563151004092
33.45030020013342,84.75050853818121,57.37120348346961
33.4863242161441,84.79459772027617,57.36688678767547
33.52234823215477,84.83862096415317,57.362684300349606
33.55837224816544,84.88257661256996,57.35859889192294
33.59439626417611,84.92646301268073,57.35463342521149
33.63042028018679,84.97027851624085,57.35079075506187
33.66644429619746,85.01402147981136,57.34707372799689
33.70246831220814,85.05769026496358,57.34348518186142
33.73849232821881,85.10128323848333,57.34002794546844
33.77451634422948,85.14479877257514,57.33670483824553
33.810540360240154,85.18823524506615,57.333518669881535
33.84656437625083,85.2315910396099,57.33047223997373
33.88258839226151,85.27486454588974,57.32756833767539
33.91861240827218,85.3180541598221,57.32480974134379
33.95463642428285,85.36115828375938,57.32219921818878
33.990660440293524,85.40417532669252,57.319739523921854
34.0266844563042,85.44710370445331,57.31743340240589
34.062708472314874,85.48994183991618,57.31528358530543
34.09873248832555,85.5326881631998,57.31329279173777
34.134756504336224,85.57534111186794,57.31146372792465
34.170780520346895,85.61789913113034,57.30979908684481
34.206804536357566,85.66036067404269,57.308301547887325
34.242828552368245,85.70272420170635,57.30697377650574
34.278852568378916,85.74498818346743,57.30581842387323
34.314876584389594,85.78715109711545,57.30483812653854
34.350900600400266,85.82921142908137,57.30403550608307
34.38692461641094,85.87116767463493,57.30341316877885
34.42294863242161,85.9130183380816,57.30297370524769
34.45897264843229,85.95476193295869,57.30271969012131
34.494996664442965,85.9963969822308,57.30265368170277
34.531020680453636,86.0379220184848,57.30277822162903
34.56704469646431,86.07933558412378,57.30309583453471
34.60306871247498,86.12063623156052,57.303609027717165
34.63909272848565,86.16182252341005,57.30432029080293
34.67511674449633,86.20289303268146,57.30523209541544
34.71114076050701,86.24384634296892,57.306346894844225
34.74716477651768,86.28468104864186,57.30766712371551
34.78318879252835,86.32539575503426,57.30919519766435
34.81921280853902,86.36598907863305,57.310933513008266
34.8552368245497,86.40645964726569,57.312884446422444
34.89126084056037,86.44680610028666,57.3150503546166
34.92728485657105,86.48702708876314,57.31743357401348
34.96330887258172,86.52712127565962,57.320036420429005
34.99933288859239,86.56708733602157,57.32286118875428
35.03535690460306,86.606923957158,57.32591015263926
35.07138092061374,86.64662983882306,57.32918556417832
35.10740493662442,86.68620369339646,57.332689653597626
35.14342895263509,86.72564424606286,57.336424628944506
35.17945296864576,86.76495023499014,57.340392675778666
35.21547698465643,86.80412041150653,57.344595956865476
35.251501000667105,86.84315354027648,57.34903661187119
35.28752501667778,86.88204839947541,57.35371675706037
35.32354903268846,86.92080378096325,57.35863848499526
35.35957304869913,86.95941849045671,57.363803864237454
35.395597064709804,86.99789134770032,57.36921493905165
35.431621080720475,87.03622118663611,57.37487372911168
35.467645096731154,87.07440685557208,57.38078222920879
35.503669112741825,87.11244721734923,57.38694240896226
35.5396931287525,87.1503411495074,57.39335621253231
35.575717144763175,87.18808754444947,57.40002555833544
35.611741160773846,87.22568530960447,57.40695233876221
35.64776517678452,87.263133367589,57.41413841989738
35.683789192795196,87.30043065636741,57.421585641242714
35.71981320880587,87.33757612941035,57.429295815442174
35.755837224816545,87.37456875585195,57.43727072800977
35.79186124082722,87.41140752064547,57.44551213705998
35.82788525683789,87.44809142471729,57.45402177304091
35.86390927284856,87.4846194851196,57.46280133847
35.89993328885924,87.52099073518124,57.47185250767261
35.935957304869916,87.5572042246572,57.48117692652324
35.97198132088059,87.5932590198762,57.49077621218966
36.00800533689126,87.629154203887,57.50065195287976
36.04402935290193,87.66488887660276,57.510805707591416
36.0800533689126,87.70046215494384,57.52123900586511
36.11607738492328,87.73587317297884,57.53195334753961
36.15210140093396,87.77112108206407,57.542950202510575
36.18812541694463,87.80620505098102,57.55423101049218
36.2241494329553,87.8411242660724,57.565797180781786
36.26017344896597,87.87587793137607,57.57765009202773
36.29619746497665,87.91046526875743,57.58979109200018
36.33222148098732,87.94488551803983,57.60222149736516
36.368245496998,87.97913793713317,57.61494259346178
36.40426951300867,88.01322180216076,57.627955634082646
36.44029352901934,88.04713640758413,57.64126184125756
36.476317545030014,88.08088106632607,57.654862405040475
36.51234156104069,88.11445510989168,57.66875848329977
36.54836557705137,88.14785788848758,57.682951201511855
36.58438959306204,88.18108877113899,57.697441652558226
36.62041360907271,88.21414714580513,57.712230896525824
36.656437625083385,88.24703241949231,57.72731996051092
36.692461641094056,88.2797440183653,57.74270983842642
36.728485657104734,88.31228138785644,57.75840149081275
36.76450967311541,88.34464399277287,57.77439584465212
36.800533689126084,88.37683131740164,57.79069379318651
36.836557705136755,88.4088428656128,57.80729619573919
36.87258172114743,88.44067816096029,57.824203877539794
36.908605737158105,88.47233674678088,57.841417629553135
36.944629753168776,88.50381818629083,57.858938208311656
36.980653769179455,88.53512206268051,57.8767663357516
37.016677785190126,88.56624797920688,57.894902699052835
37.0527018012008,88.59719555928365,57.913347950482596
37.08872581721147,88.62796444656954,57.93210270724284
37.12474983322215,88.658554305054,57.95116755132153
37.160773849232825,88.68896481914095,57.97054302934768
37.1967978652435,88.71919569373026,57.990229652450296
37.23282188125417,88.74924665429685,58.01022789612125
37.26884589726484,88.77911744696772,58.03053820008196
37.30486991327551,88.80880783859658,58.05116096815411
37.34089392928619,88.83831761683624,58.072096568134235
37.37691794529687,88.86764659020864,58.09334533167239
37.41294196130754,88.8967945881727,58.114907554154726
37.44896597731821,88.9257614611897,58.13678349459018
37.48498999332888,88.9545470807864,58.15897337550116
37.52101400933956,88.98315133961584,58.1814773828183
37.55703802535023,89.01157415151565,58.204295665779355
37.59306204136091,89.0398154515641,58.227428336832176
37.62908605737158,89.06787519613371,58.2508754715418
37.66511007338225,89.09575336294257,58.27463710850176
37.70113408939292,89.12344995110301,58.298713249249495
37.7371581054036,89.1509649811681,58.323103858186045
37.77318212141427,89.17829849517557,58.347808862499804
37.80920613742495,89.20545055668936,58.37282815209469
37.84523015343562,89.2324212508387,58.398161579522395
37.881254169446294,89.25921068435466,58.423808959919064
37.917278185456965,89.28581898560438,58.44977007094607
37.95330220146764,89.31224630462265,58.47604465273527
37.98932621747832,89.33849281314109,58.502632407838405
38.02535023348899,89.36455870461485,58.52953300118098
38.061374249499664,89.39044419424674,58.556746060020366
38.097398265510336,89.41614951900888,58.58427117390838
38.133422281521014,89.44167493766186,58.61210789465808
38.169446297531685,89.46702073077122,58.64025573631508
38.20547031354236,89.49218720072165,58.66871417513325
38.241494329553035,89.51717467172836,58.69748264955473
38.277518345563706,89.5419834898461,58.72656056019444
38.31354236157438,89.56661402297553,58.75594726982906
38.349566377585056,89.59106666086709,58.78564210339033
38.38559039359573,89.6153418151221,58.81564434796296
38.421614409606406,89.63943991919169,58.84595325278688
38.45763842561708,89.66336142837264,58.87656802926397
38.49366244162775,89.68710681980104,58.907487850969446
38.52968645763843,89.71067659244315,58.938711853667456
38.5657104736491,89.73407126708366,58.970239135331404
38.60173448965977,89.75729138631155,59.002068756168676
38.63775850567045,89.780337514503,59.03419973864991
38.67378252168112,89.80321023780206,59.06663106754277
38.70980653769179,89.82591016409842,59.099361689950264
38.74583055370247,89.8484379230027,59.1323905153536
38.78185456971314,89.87079416581918,59.16571641565948
38.81787858572381,89.89297956551567,59.199338225252134
38.85390260173449,89.91499481669109,59.233254741049706
38.88992661774516,89.93684063554011,59.26746472256523
38.92595063375583,89.95851775981538,59.30196689197225
38.96197464976651,89.98002694878704,59.33675993417489
38.99799866577718,90.0013689831996,59.371842496882515
39.03402268178785,90.0225446652262,59.40721319068893
39.07004669779853,90.04355481842032,59.44287058915619
39.1060707138092,90.06440028766467,59.478813228902844
39.14209472981988,90.08508193911767,59.515039609696885
39.17811874583055,90.10560066015717,59.55154819455312
39.214142761841224,90.12595735932155,59.58833740983519
39.2501667778519,90.14615296624827,59.62540564536206
39.28619079386257,90.16618843160967,59.6627512545191
39.322214809873245,90.18606472704626,59.700372554373736
39.35823882588392,90.20578284509739,59.73826782579553
39.394262841894594,90.22534379912919,59.776435313580954
39.430286857905266,90.24474862326,59.81487322658252
39.466310873915944,90.26399837228317,59.853579737842615
39.502334889926615,90.28309412158714,59.892552984731665
39.53835890593729,90.30203696707324,59.931791069091005
39.574382921947965,90.32082802507031,59.97129205738007
39.610406937958636,90.33946843224746,60.01105398082821
39.64643095396931,90.35795934552351,60.05107483559095
39.682454969979986,90.37630194197445,60.091352582910744
39.71847898599066,90.39449741873784,60.13188514928213
39.75450300200133,90.41254699291507,60.17267042662148
39.79052701801201,90.4304519014706,60.213706272441094
39.82655103402268,90.44821340112907,60.25499051002772
39.86257505003336,90.46583276826948,60.296520928625654
39.89859906604403,90.48331129881709,60.33829528362399
39.9346230820547,90.50065030813269,60.38031129674861
39.97064709806538,90.51785113089926,60.422566656258226
40.00667111407605,90.5349151210062,60.46505901714506
40.04269513008672,90.55184365143097,60.507786001339745
40.0787191460974,90.56863811411836,60.550745197920634
40.11474316210807,90.58529991985702,60.593934163327376
40.15076717811874,90.60183049815373,60.63735042157892
40.18679119412942,90.61823129710507,60.68099146449573
40.22281521014009,90.63450378326657,60.72485475192623
40.25883922615076,90.65064944151962,60.768937711977706
40.29486324216144,90.6666697749356,60.813237741251285
40.33088725817211,90.68256630463785,60.85775220508116
40.36691127418278,90.69834056966107,60.90247843777816
40.40293529019346,90.71399412680832,60.947413742877316
40.43895930620413,90.72952855050565,60.99255539338975
40.47498332221481,90.7449454326543,61.03790063205866
40.51100733822548,90.76024638248049,61.083446671619384
40.547031354236154,90.77543302638294,61.12919069506368
40.58305537024683,90.79050700777788,61.17512985590798
40.6190793862575,90.8054699869419,61.22126127846578
40.655103402268175,90.82032364085228,61.26758205812402
40.69112741827885,90.83506966302517,61.31408926162354
40.727151434289524,90.84970976335131,61.36077992734343
40.763175450300196,90.8642456679296,61.40765106558943
40.799199466310874,90.87867911889832,61.45469965888625
40.835223482321545,90.89301187426409,61.50192266227375
40.87124749833222,90.90724570772866,61.5493170036071
40.907271514342895,90.9213824085133,61.596879583860726
40.943295530353566,90.93542378118119,61.64460727743608
40.97931954636424,90.94937164545752,61.6924969324733
41.015343562374916,90.96322783604731,61.74054537116654
41.05136757838559,90.9769942024513,61.788749390083126
41.08739159439626,90.99067260877939,61.83710576048639
41.12341561040694,91.00426493356231,61.8856112286622
41.15943962641761,91.0177730695608,61.93426251624914
41.19546364242829,91.03119892357306,61.98305632057233
41.23148765843896,91.04454441623977,62.031989314980805
41.26751167444963,91.05781148184738,62.08105814918855
41.30353569046031,91.07100206812916,62.130259449618904
41.33955970647098,91.08411813606429,62.179589819752586
41.37558372248165,91.09716165967492,62.22904584047918
41.41160773849233,91.11013462582136,62.27862407045198
41.447631754503,91.12303903399513,62.32832104644625
41.48365577051367,91.13587689611025,62.378133283720906
41.51967978652435,91.14865023629248,62.428057276383456
41.55570380253502,91.16136109066679,62.4780894977582
41.59172781854569,91.17401150714275,62.52822640075778
41.62775183455637,91.18660354519832,62.57846441825788
41.66377585056704,91.1991392756616,62.62879996347507
41.69979986657771,91.2116207804909,62.67922943034788
41.73582388258839,91.22405015255289,62.729749193920924
41.77184789859906,91.23642949539915,62.78035561073204
41.807871914609734,91.24876092304078,62.83104501920258
41.84389593062041,91.26104655972145,62.88181374003052
41.879919946631084,91.27328853968874,62.93265807658668
41.91594396264176,91.28548900696363,62.98357431531369
41.95196797865243,91.29765011510852,63.03455872612796
41.987991994663105,91.3097740269936,63.085607562824386
42.02401601067378,91.3218629145615,63.13671706348383
42.060040026684455,91.33391895859054,63.18788345088338
42.096064042695126,91.34594434845619,63.239102932909326
42.132088058705804,91.3579412818912,63.290371702972706
42.168112074716475,91.36991196474418,63.34168594042748
42.20413609072715,91.38185861073663,63.39304181099138
42.240160106737825,91.39378344121857,63.44443546716913
42.2761841227485,91.4056886849227,63.495863048678196
42.31220813875917,91.41757657771723,63.547320682877036
42.348232154769846,91.42944936235726,63.59880448519564
42.38425617078052,91.44130928823483,63.65031055956845
42.42028018679119,91.45315861112766,63.70183499886957
42.45630420280187,91.46499959294658,63.75337388535026
42.49232821881254,91.4768345014817,63.80492329107852
42.52835223482321,91.48866561014734,63.856479278381016
42.56437625083389,91.50049519772563,63.908037900286935
42.60040026684456,91.51232554810917,63.95959520097392
42.63642428285524,91.52415895004233,64.01114721621619
42.67244829886591,91.53599769686143,64.06268997383435
42.70847231487658,91.54784408623388,64.11421949414738
42.74449633088726,91.55970041989622,64.16573179042625
42.78052034689793,91.57156900339115,64.21722286934956
42.8165443629086,91.58345214580345,64.26868873146077
42.85256837891928,91.59535215949495,64.32012537162731
42.88859239492995,91.60727135983865,64.37152877950118
42.92461641094062,91.61921206495168,64.42289493998126
42.9606404269513,91.63117659542768,64.47421983367724
42.99666444296197,91.64316727406785,64.52549943737489
43.03268845897264,91.65518642561169,64.57672972450294
43.06871247498332,91.6672363764665,64.62790666560133
43.10473649099399,91.67931945443635,64.67902622879075
43.140760507004664,91.69143798845019,64.73008438024358
43.17678452301534,91.70359430828918,64.78107708465602
43.212808539026014,91.71579074431355,64.83200030572135
43.24883255503669,91.72802962718855,64.88285000660456
43.284856571047364,91.74031328760995,64.93362215041772
43.320880587058035,91.75264405602884,64.98431270069676
43.35690460306871,91.7650242623759,65.03491762187899
43.392928619079385,91.77745623578512,65.08543287978155
43.428952635090056,91.78994230431708,65.13585444208086
43.464976651100734,91.80248479468165,65.18617827879284
43.501000667111406,91.81508603196028,65.23640036275376
43.53702468312208,91.82774833932808,65.28651667010207
43.573048699132755,91.8404740377751,65.33652318076064
43.60907271514343,91.85326544582769,65.38641587891958
43.6450967311541,91.86612487926936,65.43619075351991
43.681120747164776,91.87905465086128,65.48584379873735
43.71714476317545,91.89205707006275,65.53537101446675
43.75316877918612,91.90513444275118,65.58476840680682
43.7891927951968,91.91828907094225,65.6340319885452
43.82521681120747,91.93152325250945,65.68315777964382
43.86124082721814,91.944839280904,65.73214180772437
43.89726484322882,91.95823944487432,65.780980108554
43.93328885923949,91.97172602818554,65.82966872653104
43.96931287525017,91.9853013093392,65.87820371517091
44.00533689126084,91.99896756129256,65.92658113759174
44.04136090727151,92.01272705117839,65.97479706700014
44.07738492328219,92.02658204002452,66.02284758717674
44.11340893929286,92.04053478247369,66.07072879296152
44.14943295530353,92.05458752650344,66.11843679073887
44.18545697131421,92.06874251314628,66.1659676989225
44.22148098732488,92.08300197620993,66.2133176484396
44.25750500333555,92.09736814199799,66.26048278321507
44.29352901934623,92.11184322903074,66.3074592606549
44.3295530353569,92.12642944776633,66.35424325212902
44.36557705136757,92.14112900032231,66.40083094345385
44.40160106737825,92.15594408019751,66.44721853537378
44.43762508338892,92.17087687199441,66.4934022440422
44.473649099399594,92.18592955114188,66.53937830150171
44.50967311541027,92.20110428361839,66.58514295616344
44.545697131420944,92.21640322567586,66.63069247328541
44.581721147431615,92.2318285235639,66.67602313545015
44.617745163442294,92.24738231325486,66.72113124304113
44.653769179452965,92.26306672016915,66.76601311471808
44.68979319546364,92.27888385890157,66.8106650878914
44.725817211474315,92.29483583294814,66.85508351919513
44.761841227484986,92.31092473443366,66.89926478495892
44.797865243495664,92.32715264384004,66.9432052816784
44.833889259506336,92.34352162973545,66.9869014264845
44.86991327551701,92.36003374850426,67.03034965761111
44.905937291527685,92.37669104407786,67.07354643486147
44.94196130753836,92.39349554766622,67.11648824007271
44.97798532354903,92.41044927749071,67.15917157757916
45.014009339559706,92.4275542385175,67.20159297467374
45.05003335557038,92.44481242219214,67.2437489820678
45.08605737158105,92.46222580617521,67.285636174349
45.12208138759173,92.47979635407887,67.32725115043763
45.1581054036024,92.49752601520457,67.3685905340408
45.19412941961307,92.51541672428198,67.40965097410479
45.23015343562375,92.53347040120894,67.4504291452654
45.26617745163442,92.55168895079261,67.49092174829622
45.30220146764509,92.57007426249191,67.53112551055483
45.33822548365577,92.5886282101612,67.57103718642675
45.37424949966644,92.60735265179522,67.61065355776717
45.41027351567712,92.62624942927536,67.64997143434047
45.44629753168779,92.64532036811723,67.68898765425737
45.48232154769846,92.6645672772198,67.72769908440958
45.51834556370914,92.68399194861573,67.76610262090206
45.55436957971981,92.70359615722329,67.80419518948285
45.59039359573048,92.7233816605997,67.84197374597025
45.62641761174116,92.74335019869605,67.87943527667723
45.66244162775183,92.76350349361374,67.91657679883345
45.6984656437625,92.78384324936245,67.95339536100435
45.73448965977318,92.80437115161979,67.98988804350749
45.77051367578385,92.82508886749255,68.02605195882596
45.806537691794524,92.84599804527977,68.06188425201913
45.8425617078052,92.86710031423715,68.09738210113011
45.878585723815874,92.88839728434371,68.1325427175905
45.914609739826545,92.90989054606979,68.16736334662178
45.950633755837224,92.93158167014707,68.20184126763401
45.986657771847895,92.95347220734038,68.23597379462068
46.02268178785857,92.97556368822134,68.26975827655113
46.058705803869245,92.99785762294397,68.30319209775902
46.094729819879916,93.02035550102212,68.33627267832787
46.130753835890594,93.04305879110893,68.36899747447303
46.166777851901266,93.06596894077828,68.40136397892027
46.20280186791194,93.08908737630823,68.43336972128081
46.238825883922615,93.11241550246648,68.465012268423
46.27484989993329,93.13595470229797,68.49628922484008
46.31087391594396,93.15970633691455,68.52719823301464
46.346897931954636,93.18367174528676,68.55773697377913
46.38292194796531,93.20785224403784,68.58790316667269
46.41894596397598,93.23224912723988,68.61769457029429
46.45496997998666,93.25686366621218,68.6471089826519
46.49099399599733,93.28169710932195,68.67614424150774
46.527018012008,93.30675068178716,68.70479822471972
46.56304202801868,93.3320255854818,68.73306885057875
46.59906604402935,93.35752299874343,68.76095407814205
46.63509006004002,93.38324407618313,68.78845190756243
46.6711140760507,93.40918994849775,68.81556038041333
46.70713809206137,93.43536172228471,68.84227758000972
46.74316210807205,93.46176047985912,68.86860163172477
46.77918612408272,93.48838727907349,68.89453070330222
46.81521014009339,93.5152431531398,68.92006300516444
46.85123415610407,93.54232911045426,68.94519679071611
46.88725817211474,93.56964613442443,68.96993035664345
46.92328218812541,93.59719518329908,68.99426204320909
46.95930620413609,93.62497719000064,69.01819023454229
46.99533022014676,93.65299306196012,69.04171335892467
47.03135423615743,93.68124368095486,69.06482988907139
47.06737825216811,93.70972990294892,69.08753834240767
47.10340226817878,93.73845255793606,69.10983728134052
47.139426284189454,93.76741244978558,69.13172531352593
47.17545030020013,93.7966103560909,69.15320109213117
47.211474316210804,93.82604702802081,69.17426331609228
47.247498332221475,93.85572319017362,69.19491073036679
47.283522348232154,93.88563954043411,69.2151421261815
47.319546364242825,93.91579674983333,69.2349563412753
47.355570380253496,93.94619546241115,69.25435226013718
47.391594396264175,93.97683629508197,69.27332881423892
47.427618412274846,94.00771983750295,69.29188498226311
47.463642428285524,94.0388466519457,69.31001979032587
47.499666444296196,94.07021727317033,69.3277323121944
47.53569046030687,94.10183220830294,69.34502166949957
47.571714476317545,94.1336919367159,69.36188703194325
47.60773849232822,94.16579690991118,69.37832761750015
47.64376250833889,94.19814755140673,69.39434269261491
47.679786524349566,94.23074425662593,69.4099315723934
47.71581054036024,94.26358739279007,69.42509362078899
47.75183455637091,94.29667729881399,69.43982825078328
47.78785857238159,94.33001428520481,69.45413492456161
47.82388258839226,94.36359863396378,69.46801315368295
47.85990660440293,94.3974305984913,69.48146249924442
47.89593062041361,94.43151040349515,69.49448257204038
47.93195463642428,94.46583824490178,69.50707303271585
47.96797865243495,94.50041428977096,69.51923359191446
48.00400266844563,94.53523867621362,69.53096401042086
48.0400266844563,94.57031151331283,69.54226409929741
48.07605070046697,94.60563288104815,69.55313372001531
48.11207471647765,94.64120283022321,69.56357278457999
48.14809873248832,94.67702138239656,69.5735812556509
48.184122748499,94.71308852981585,69.58315914665549
48.22014676450967,94.74940423535536,69.5923065218975
48.25617078052034,94.78596843245677,69.6010234966594
48.29219479653102,94.8227810250734,69.60931023729918
48.32821881254169,94.85984188761765,69.61716696134111
48.364242828552364,94.89715086491202,69.62459393756085
48.40026684456304,94.93470777214335,69.63159148606452
48.43629086057371,94.97251239482048,69.63815997836208
48.472314876584385,95.01056448873547,69.64429983743459
48.50833889259506,95.04886377992804,69.65001153779566
48.544362908605734,95.0874099646536,69.65529560554694
48.580386924616406,95.12620270935466,69.66015261842762
48.616410940627084,95.16524165063566,69.66458320585788
48.652434956637755,95.20452639524143,69.66858804897643
48.68845897264843,95.2440565200389,69.67216788067205
48.724482988659105,95.28383157200255,69.67532348560887
48.760507004669776,95.32385106820306,69.67805570024585
48.79653102068045,95.36411449579978,69.68036541285002
48.832555036691126,95.40462131203651,69.68225356350374
48.8685790527018,95.44537094424086,69.68372114410576
48.904603068712476,95.48636278982718,69.68476919836621
48.94062708472315,95.52759621630294,69.68539882179546
48.97665110073382,95.56907056127874,69.68561116168686
49.0126751167445,95.61078513248184,69.68540741709329
49.04869913275517,95.65273920777325,69.68478883879749
49.08472314876584,95.6949320351684,69.68375672927641
49.12074716477652,95.73736283286134,69.68231244265917
49.15677118078719,95.78003078925249,69.68045738467893
49.19279519679786,95.82293506298012,69.67819301261859
49.22881921280854,95.86607478295528,69.67552083525018
49.26484322881921,95.90944904840022,69.67244241276812
49.30086724482988,95.9530569288907,69.66895935671626
49.33689126084056,95.99689746440166,69.66507332990871
49.37291527685123,96.04096966535639,69.66078604634428
49.4089392928619,96.0852725126797,69.65609927111504
49.44496330887258,96.12980495785425,69.65101482030822
49.48098732488325,96.17456592298073,69.64553456090228
49.51701134089393,96.21955430084157,69.63966041065636
49.5530353569046,96.2647689549682,69.63339433799389
49.58905937291527,96.31020871971208,69.6267383618796
49.62508338892595,96.3558724003191,69.6196945516906
49.66110740493662,96.40175877300771,69.61226502708092
49.697131420947294,96.44786658505072,69.6044519578402
49.73315543695797,96.49419455486047,69.59625756374574
49.76917945296864,96.54074137207779,69.58768411440866
49.805203468979315,96.58750569766451,69.57873392911365
49.84122748498999,96.6344861639995,69.56940937665259
49.877251501000664,96.6816813749783,69.55971287515194
49.913275517011336,96.72908990611643,69.54964689189394
49.949299533022014,96.77671030465612,69.53921394313157
49.985323549032685,96.82454108967673,69.52841659389742
50.02134756504336,96.87258075220865,69.51725745780632
50.057371581054035,96.92082775535096,69.50573919685179
50.093395597064706,96.9692805343922,69.49386452119643
50.12941961307538,97.01793749693525,69.48163618895597
50.165443629086056,97.06679702302533,69.46905700597752
50.20146764509673,97.11585746528166,69.45612982561131
50.237491661107406,97.16511714903277,69.4428575484767
50.27351567711808,97.21457437245502,69.42924312222178
50.30953969312875,97.26422740671505,69.41528954127713
50.34556370913943,97.31407449611531,69.4009998466034
50.3815877251501,97.36411385824334,69.38637712543289
50.41761174116077,97.41434368412445,69.37142451100512
50.45363575717145,97.46476213837782,69.35614518229632
50.48965977318212,97.5153673593762,69.34054236374305
50.52568378919279,97.56615745940886,69.3246193249598
50.56170780520347,97.61713052484811,69.30837938045052
50.59773182121414,97.66828461631917,69.29182588931451
50.63375583722481,97.71961776887358,69.2749622549461
50.66977985323549,97.7711279921658,69.25779192472865
50.70580386924616,97.8228132706333,69.24031838972262
50.74182788525683,97.8746715636801,69.22254518434787
50.77785190126751,97.92670080586348,69.20447588605995
50.81387591727818,97.97889890708419,69.18611411502096
50.84989993328885,98.03126375277989,69.16746353376429
50.88592394929953,98.08379320412193,69.14852784685385
50.9219479653102,98.13648509821543,69.12931080053758
50.95797198132088,98.1893372483026,69.10981618239518
50.99399599733155,98.24234744396938,69.09004782098033
51.030020013342224,98.29551345135519,69.07000958545723
51.0660440293529,98.34883301336613,69.04970538523146
51.10206804536357,98.40230384989114,69.02913916957556
51.138092061374245,98.45592365802149,69.00831492724879
51.17411607738492,98.50969011227343,68.98723668611157
51.210140093395594,98.56360086481386,68.9659085127345
51.246164109406266,98.61765354568941,68.94433451200179
51.282188125416944,98.67184576305823,68.9225188267095
51.318212141427615,98.72617510342522,68.90046563715836
51.35423615743829,98.78063913188016,68.87817916074115
51.390260173448965,98.83523539233892,68.85566365152512
51.426284189459636,98.88996140778758,68.83292339982874
51.46230820547031,98.94481468052982,68.80996273179376
51.498332221480986,98.99979269243705,68.78678600895164
51.53435623749166,99.05489290520147,68.76339762778515
51.57038025350233,99.11011276059232,68.73980201928487
51.60640426951301,99.16544968071474,68.71600364850048
51.64242828552368,99.22090106827171,68.69200701408727
51.67845230153436,99.27646430682881,68.66781664784763
51.71447631754503,99.33213676108167,68.64343711426753
51.7505003335557,99.3879157771265,68.61887301004823
51.78652434956638,99.4437986827331,68.59412896363321
51.82254836557705,99.49978278762086,68.5692096347303
51.85857238158772,99.55586538373736,68.54411971382893
51.8945963975984,99.61204374553975,68.51886392171303
51.93062041360907,99.66831513027871,68.49344700896893
51.96664442961974,99.72467677828513,68.46787375548895
52.00266844563042,99.78112591325942,68.44214896997029
52.03869246164109,99.83765974256329,68.41627748940958
52.07471647765176,99.89427545751434,68.39026417859282
52.11074049366244,99.95097023368285,68.3641139295811
52.14676450967311,100.00774123119135,68.33783166119186
52.18278852568378,100.0645855950165,68.31142231847595
52.21881254169446,100.1215004552935,68.28489087219046
52.25483655770513,100.17848292762287,68.25824231826726
52.29086057371581,100.23553011337965,68.2314816772776
52.32688458972648,100.29263910002483,68.20461399389247
52.362908605737154,100.34980696141926,68.17764433633907
52.39893262174783,100.40703075813978,68.15057779585325
52.4349566377585,100.46430753779754,68.12341948612809
52.470980653769175,100.5216343353586,68.09617454275856
52.50700466977985,100.57900817346679,68.06884812268252
52.543028685790524,100.63642606276849,68.04144540361791
52.579052701801196,100.69388500223985,68.01397158349623
52.615076717811874,100.75138197951583,67.98643187989245
52.651100733822545,100.80891397122139,67.95883152945146
52.68712474983322,100.86647794330476,67.93117578731083
52.723148765843895,100.92407085137256,67.90346992652032
52.759172781854566,100.98168964102697,67.87571923745787
52.79519679786524,101.03933124820477,67.84792902724249
52.831220813875916,101.09699259951833,67.82010461914356
52.86724482988659,101.15467061259818,67.79225135198736
52.90326884589726,101.2123621964378,67.7643745795601
52.93929286190794,101.2700642517398,67.73647967000818
52.97531687791861,101.327773671264,67.70857200523528
53.01134089392929,101.38548734017729,67.68065698029663
53.04736490993996,101.44320213640484,67.65274000279022
53.08338892595063,101.50091493098324,67.6248264922456
53.11941294196131,101.55862258841518,67.59692187950944
53.15543695797198,101.61632196702529,67.5690316061289
53.19146097398265,101.67400991931808,67.5411611237321
53.22748498999333,101.73168329233692,67.51331589340609
53.263509006004,101.78933892802448,67.48550138507257
53.29953302201467,101.84697366358472,67.45772307686092
53.33555703802535,101.90458433184617,67.42998645447912
53.37158105403602,101.96216776162629,67.40229701058233
53.40760507004669,102.01972077809751,67.37466024413926
53.44362908605737,102.07724020315408,67.34708165979654
53.47965310206804,102.13472285578037,67.3195667672409
53.51567711807871,102.19216555242019,67.29212108055937
53.55170113408939,102.24956510734728,67.26475011759779
53.58772515010006,102.30691833303672,67.23745939931723
53.623749166110734,102.36422204053753,67.21025444914885
53.65977318212141,102.4214730398462,67.18314079234686
53.695797198132084,102.47866814028102,67.1561239553401
53.73182121414276,102.53580415085746,67.12920946508193
53.76784523015343,102.59287788066435,67.10240284839867
53.803869246164105,102.6498861392408,67.07570963133665
53.83989326217478,102.70682573695407,67.04913533850797
53.875917278185455,102.76369348537779,67.02268549243503
53.911941294196126,102.8204861976713,66.99636561289383
53.947965310206804,102.87720068895936,66.97018121625611
53.983989326217475,102.93383377671245,66.94413781483073
54.02001334222815,102.9903822811277,66.91824091620379
54.056037358238825,103.04684302551036,66.89249602257803
54.0920613742495,103.10321283665554,66.86690863011151
54.12808539026017,103.1594885452306,66.84148422825542
54.164109406270846,103.21566698615771,66.81622829909135
54.20013342228152,103.27174499899685,66.79114631666792
54.23615743829219,103.32771942832912,66.76624374633701
54.27218145430287,103.38358712414009,66.74152604408954
54.30820547031354,103.4393449422036,66.7169986558909
54.34422948632421,103.49498974446561,66.69266701701613
54.38025350233489,103.55051839942801,66.66853655138499
54.41627751834556,103.60592778253265,66.64461267089679
54.45230153435624,103.66121477654536,66.62090077476539
54.48832555036691,103.71637627193991,66.5974062488541
54.52434956637758,103.7714091672819,66.57413446501073
54.56037358238826,103.82631036961247,66.55109078040302
54.59639759839893,103.88107679483193,66.52828053685418
54.6324216144096,103.93570536808309,66.50570906017884
54.66844563042028,103.99019302413447,66.48338165951954
54.70446964643095,104.04453670776292,66.46130362668366
54.74049366244162,104.09873337413629,66.43948023548106
54.7765176784523,104.15277998919527,66.41791674106229
54.81254169446297,104.20667353003512,66.39661837925762
54.84856571047364,104.26041098528677,66.37559036591706
54.88458972648432,104.31398935549734,66.35483789625103
54.92061374249499,104.36740565351016,66.33436614417228
54.956637758505664,104.42065690484415,66.31418026163881
54.99266177451634,104.47374014807245,66.29428537799798
55.028685790527014,104.52665243520043,66.27468659933182
55.064709806537685,104.57939083204289,66.25538900780377
55.100733822548364,104.63195241860039,66.23639766100673
55.136757838559035,104.68433428943479,66.21771759131265
55.17278185456971,104.73653355404387,66.19935380522368
55.208805870580385,104.78854733723499,66.18131128272502
55.244829886591056,104.84037277949776,66.16359497663936
55.280853902601734,104.89200703737556,66.14620981198335
55.316877918612406,104.9434472838362,66.12916068532574
55.35290193462308,104.99469070864127,66.11245246414765
55.388925950633755,105.0457345187142,66.09608998620477
55.42494996664443,105.09657593850739,66.08007805889183
55.4609739826551,105.14721221036785,66.06442145860912
55.496997998665776,105.19764059490163,66.04912493013143
55.53302201467645,105.2478583713366,66.03419318597929
55.56904603068712,105.29786283788437,66.01963090579271
55.6050700466978,105.34765131210018,66.00544273570732
55.64109406270847,105.3972211312416,65.99163328773334
55.67711807871914,105.44656965262558,65.978207139137
55.71314209472982,105.49569425398404,65.96516883182494
55.74916611074049,105.54459233381753,65.95252287173119
55.78519012675117,105.59326131174751,65.9402737282074
55.82121414276184,105.64169862886672,65.9284258334158
55.85723815877251,105.68990174808783,65.91698358172533
55.89326217478319,105.73786815449026,65.90595132911096
55.92928619079386,105.78559535566512,65.89533339255625
55.96531020680453,105.83308088205825,65.88513404945913
56.00133422281521,105.88032228731134,65.8753575370411
56.03735823882588,105.92731714860095,65.86600805176006
56.07338225483655,105.97406306697557,65.8570897487264
56.10940627084723,106.02055766769064,65.84860674112294
56.1454302868579,106.06679860054116,65.84056309962843
56.18145430286857,106.11278354019261,65.83296285184494
56.21747831887925,106.15851018650912,65.82580998172897
56.25350233488992,106.2039762648797,65.81910842902658
56.289526350900594,106.24917952654214,65.81286208871245
56.32555036691127,106.29411774890443,65.80707481043308
56.361574382921944,106.33878873586383,65.80175039795411
56.397598398932615,106.38319031812361,65.7968926086118
56.433622414943294,106.42732035350718,65.79250515276895
56.469646430953965,106.47117672726966,65.78859169327505
56.50567044696464,106.51475735240716,65.7851558449309
56.541694462975315,106.55806016996303,65.78220117395782
56.577718478985986,106.60108314933191,65.77973119747139
56.613742494996664,106.6438242885607,65.77774938295985
56.649766511007336,106.68628161464702,65.77625914776725
56.68579052701801,106.72845318383492,65.77526385858138
56.721814543028685,106.7703370819076,65.77476683092658
56.75783855903936,106.81193142447744,65.77477132866157
56.79386257505003,106.85323435727298,65.77528056348213
56.829886591060706,106.89424405642322,65.77629769442905
56.86591060707138,106.93495872873861,65.77782582740105
56.90193462308205,106.97537661198929,65.77986801467316
56.93795863909273,107.01549597518019,65.78242725442006
56.9739826551034,107.0553151188229,65.78550649024515
57.01000667111407,107.0948323752048,65.78910861071472
57.04603068712475,107.13404610865445,65.7932364488978
57.08205470313542,107.17295471580425,65.79789278191156
57.11807871914609,107.21155662584968,65.80308033047224
57.15410273515677,107.2498503008052,65.80880175845184
57.19012675116744,107.28783423575695,65.8150596724405
57.22615076717812,107.32550695911189,65.82185662131485
57.26217478318879,107.36286703284384,65.82919509581204
57.29819879919946,107.39991305273585,65.83707752810982
57.33422281521014,107.43664364861922,65.84550629141265
57.37024683122081,107.47305748460886,65.8544836995438
57.40627084723148,107.50915325933536,65.86401200654369
57.44229486324216,107.54492970617338,65.87409340627427
57.47831887925283,107.58038559346616,65.88473003202978
57.5143428952635,107.61551972474696,65.89592395615378
57.55036691127418,107.65033093895626,65.90767718966252
57.58639092728485,107.68481811065556,65.91999168187479
57.622414943295524,107.71898015023734,65.93286932004817
57.6584389593062,107.75281600413136,65.94631192902195
57.694462975316874,107.78632465500688,65.9603212708665
57.730486991327545,107.81950512197133,65.97489904453944
57.766511007338224,107.85235646076501,65.99004688554842
57.802535023348895,107.88487776395172,66.00576636562066
57.838559039359566,107.91706816110576,66.02205899237937
57.874583055370245,107.94892681899472,66.03892620902701
57.910607071380916,107.98045294175836,66.05636939403546
57.946631087391594,108.01164577108344,66.07438986084317
57.982655103402266,108.04250458637458,66.09298885755936
58.01867911941294,108.07302870492089,66.11216756667525
58.054703135423615,108.10321748205862,66.13192710478242
58.09072715143429,108.13307031132959,66.15226852229841
58.12675116744496,108.16258662463545,66.17319280319946
58.162775183455636,108.19176589238785,66.19470086476053
58.19879919946631,108.22060762365425,66.2167935573027
58.23482321547698,108.24911136629947,66.23947166394782
58.27084723148766,108.27727670712318,66.26273590038075
58.30687124749833,108.30510327199282,66.28658691461871
58.342895263509,108.3325907259724,66.31102528678854
58.37891927951968,108.35973877344676,66.33605152891123
58.41494329553035,108.38654715824171,66.36166608469402
58.45096731154102,108.41301566373946,66.38786932933033
58.4869913275517,108.43914411298991,66.41466156930704
58.52301534356237,108.46493236881733,66.44204304221975
58.55903935957305,108.49038033392263,66.47001391659562
58.59506337558372,108.51548795098114,66.498574291724
58.63108739159439,108.54025520273584,66.5277241974949
58.66711140760507,108.56468211208619,66.55746359424536
58.70313542361574,108.58876874217216,66.5877923726135
58.73915943962641,108.61251519645404,66.61871035340076
58.77518345563709,108.63592161878728,66.65021728744188
58.81120747164776,108.65898819349302,66.68231285548289
58.84723148765843,108.68171514542385,66.71499666806729
58.88325550366911,108.70410274002495,66.74826826543001
58.91927951967978,108.72615128339064,66.78212711739964
58.955303535690454,108.74786112231605,66.81657262330863
58.99132755170113,108.76923264434441,66.85160411191177
59.027351567711804,108.79026627780931,66.88722084131265
59.063375583722475,108.81096249187246,66.92342199889849
59.099399599733154,108.8313217965566,66.96020670128308
59.135423615743825,108.85134474277365,66.9975739942578
59.171447631754496,108.87103192234827,67.03552285275131
59.207471647765175,108.8903839680363,67.07405218079708
59.243495663775846,108.90940155353873,67.11316081150947
59.279519679786524,108.92808539351074,67.1528475070681
59.315543695797196,108.94643624356586,67.19311095871049
59.35156771180787,108.96445490027538,67.23394978673316
59.387591727818545,108.98214220116297,67.27536254050104
59.42361574382922,108.9994990246943,67.31734769846526
59.45963975983989,109.01652629026195,67.3599036681894
59.495663775850566,109.03322495816538,67.40302878638424
59.53168779186124,109.04959602958603,67.44672131895072
59.56771180787191,109.06564054655755,67.49097946103166
59.60373582388259,109.0813595919312,67.53580133707165
59.63975983989326,109.09675428933619,67.58118500088565
59.67578385590393,109.1118258031353,67.62712843573598
59.71180787191461,109.1265753383755,67.67362955441777
59.74783188792528,109.14100414073368,67.72068619935298
59.78385590393595,109.1551134964575,67.76829614269296
59.81987991994663,109.16890473230117,67.81645708642945
59.8559039359573,109.18237921545655,67.8651666625141
59.89192795196797,109.19553835347911,67.91442243298667
59.92795196797865,109.20838359420908,67.96422189011157
59.96397598398932,109.22091642568768,68.01456245652302
60.0,109.2331383760683,68.0654414853788
